{
  "APC 16x55MRP": [0.4064, 0.1397, 2, 0.045],
  "APC 14x55MR": [0.3556, 0.1372, 2, 0.024],
  "UIUC 20x10": [0.508, 0.254, 2, 0.186],
  "UIUC 21x13": [0.5334, 0.3302, 2, 0.11],
  "T-Motor NS 28x92": [0.7112, 0.23368, 2, 0.059],
  "T-Motor 62x24 CF": [1.575, 0.6096, 2, 0.526],
  "T-Motor G40x13.1": [1.016, 0.33274, 2, 0.237],
  "T-Motor NS 26x85": [0.6604, 0.2159, 2, 0.048],
  "T-Motor NS 24x72": [0.6096, 0.1829, 2, 0.037],
  "T-Motor NS 22x66": [0.5588, 0.1676, 2, 0.034],
  "T-Motor MF2211": [0.5588, 0.2794, 2, 0.071],
  "T-Motor P20x6": [0.508, 0.1524, 2, 0.047],
  "T-Motor NS 20x62": [0.508, 0.1575, 2, 0.023],
  "T-Motor P18x61": [0.4572, 0.155, 2, 0.032],
  "T-Motor P17x58": [0.4318, 0.1473, 2, 0.028],
  "T-Motor P16x54": [0.4064, 0.1372, 2, 0.025],
  "T-Motor G18x59": [0.4572, 0.1499, 2, 0.034],
  "T-Motor FA162x53": [0.4115, 0.1346, 2, 0.037],
  "T-Motor MF1503": [0.381, 0.1372, 2, 0.024],
  "T-Motor P15x5": [0.381, 0.127, 2, 0.021],
  "T-Motor MF1302": [0.3404, 0.1219, 2, 0.01],
  "Xoar PJP-T-L 47x10": [1.194, 0.254, 2, 0.435],
  "Xoar PJP-T-L 40x10": [1.016, 0.254, 2, 0.366],
  "Xoar PJP-T 36x12": [0.9144, 0.3048, 2, 0.265],
  "Xoar PJP-T-L 34x14": [0.9144, 0.3556, 2, 0.262],
  "Xoar PJP-T-L 26x45": [0.66, 0.1143, 2, 0.063],
  "KDE CF155-DP":  [0.3937, 0.1346, 2, 0.050],
  "SunnySky EOLO 15x5.5": [0.381, 0.1397, 2, 0.021]
}